"0","out940 <- readRDS(""C:/Users/Administrator/data/task_00940_out.rds"")"
"0","out940"
"1","[[1]]
"
"1","[[1]]$mc_ml
"
"1"," "
"1"," taskid"
"1"," repid"
"1","      method"
"1"," param"
"1","        est"
"1","         se"
"1"," pvalue"
"1","   pvaluez"
"1","        ciloz"
"1","     cihiz"
"1","         cilo"
"1","      cihi"
"1","
1"
"1","    940"
"1","     1"
"1"," Monte Carlo"
"1"," abraw"
"1"," 0.06287960"
"1"," 0.04531345"
"1","  0.182"
"1"," 0.1652411"
"1"," -0.011654402"
"1"," 0.1374136"
"1"," -0.014012896"
"1"," 0.1368058"
"1","
2"
"1","    940"
"1","     1"
"1"," Monte Carlo"
"1"," abstd"
"1"," 0.04701624"
"1"," 0.03320289"
"1","  0.182"
"1"," 0.1567672"
"1"," -0.007597656"
"1"," 0.1016301"
"1"," -0.010678779"
"1"," 0.1017430"
"1","
3"
"1","    940"
"1","     1"
"1"," Monte Carlo"
"1"," abstd"
"1"," 0.04701624"
"1"," 0.03320289"
"1","  0.132"
"1"," 0.1567672"
"1"," -0.007597655"
"1"," 0.1016301"
"1"," -0.003761257"
"1"," 0.1038796"
"1","
"
"1"," "
"1","        skew"
"1","    kurtosis"
"1","         min"
"1","       max"
"1"," level"
"1"," nvalid"
"1"," brep"
"1","          ci_note"
"1","       time"
"1","
1"
"1"," -0.02128751"
"1"," -0.06109023"
"1"," -0.07615158"
"1"," 0.2222981"
"1","   0.9"
"1","   1000"
"1"," 1000"
"1"," Use default VCOV"
"1"," 0.06607991"
"1","
2"
"1"," -0.05785352"
"1"," -0.05119314"
"1"," -0.05640341"
"1"," 0.1491445"
"1","   0.9"
"1","   1000"
"1"," 1000"
"1"," Use default VCOV"
"1"," 0.06625896"
"1","
3"
"1","  0.21378574"
"1"," -0.18479167"
"1"," -0.04233581"
"1"," 0.1624541"
"1","   0.9"
"1","   1000"
"1"," 1000"
"1","   Use delta VCOV"
"1"," 0.11049920"
"1","
"
"1","
"
"1","[[1]]$mc_mlr
"
"1"," "
"1"," taskid"
"1"," repid"
"1","      method"
"1"," param"
"1","        est"
"1","         se"
"1"," pvalue"
"1","   pvaluez"
"1","        ciloz"
"1","     cihiz"
"1","         cilo"
"1","      cihi"
"1","
1"
"1","    940"
"1","     1"
"1"," Monte Carlo"
"1"," abraw"
"1"," 0.06287960"
"1"," 0.04724267"
"1","  0.154"
"1"," 0.1831918"
"1"," -0.014827677"
"1"," 0.1405869"
"1"," -0.007312587"
"1"," 0.1436713"
"1","
2"
"1","    940"
"1","     1"
"1"," Monte Carlo"
"1"," abstd"
"1"," 0.04701624"
"1"," 0.03433512"
"1","  0.154"
"1"," 0.1708950"
"1"," -0.009460006"
"1"," 0.1034925"
"1"," -0.005748347"
"1"," 0.1054154"
"1","
3"
"1","    940"
"1","     1"
"1"," Monte Carlo"
"1"," abstd"
"1"," 0.04701624"
"1"," 0.03433512"
"1","  0.110"
"1"," 0.1708950"
"1"," -0.009460006"
"1"," 0.1034925"
"1"," -0.002322351"
"1"," 0.1060738"
"1","
"
"1"," "
"1","      skew"
"1","  kurtosis"
"1","         min"
"1","       max"
"1"," level"
"1"," nvalid"
"1"," brep"
"1","          ci_note"
"1","       time"
"1","
1"
"1"," 0.2504043"
"1"," 0.1347944"
"1"," -0.09726558"
"1"," 0.2547211"
"1","   0.9"
"1","   1000"
"1"," 1000"
"1"," Use default VCOV"
"1"," 0.07564289"
"1","
2"
"1"," 0.1278078"
"1"," 0.0624350"
"1"," -0.07953155"
"1"," 0.1642670"
"1","   0.9"
"1","   1000"
"1"," 1000"
"1"," Use default VCOV"
"1"," 0.07790405"
"1","
3"
"1"," 0.2265727"
"1"," 0.1426348"
"1"," -0.05005446"
"1"," 0.1696468"
"1","   0.9"
"1","   1000"
"1"," 1000"
"1","   Use delta VCOV"
"1"," 0.11765797"
"1","
"
"1","
"
"1","[[1]]$nb
"
"1"," "
"1"," taskid"
"1"," repid"
"1","                      method"
"1"," param"
"1","        est"
"1","         se"
"1"," pvalue"
"1","   pvaluez"
"1","        ciloz"
"1","      cihiz"
"1","
1"
"1","    940"
"1","     1"
"1"," Nonparametric Bootstrapping"
"1"," abraw"
"1"," 0.06287960"
"1"," 0.04415211"
"1","   0.13"
"1"," 0.1544006"
"1"," -0.014112843"
"1"," 0.13113468"
"1","
2"
"1","    940"
"1","     1"
"1"," Nonparametric Bootstrapping"
"1"," abstd"
"1"," 0.04701624"
"1"," 0.03163024"
"1","   0.13"
"1"," 0.1371646"
"1"," -0.008394381"
"1"," 0.09565985"
"1","
3"
"1","    940"
"1","     1"
"1"," Nonparametric Bootstrapping"
"1"," abraw"
"1"," 0.06287960"
"1"," 0.04415211"
"1","   0.13"
"1"," 0.1544006"
"1"," -0.014112843"
"1"," 0.13113468"
"1","
4"
"1","    940"
"1","     1"
"1"," Nonparametric Bootstrapping"
"1"," abstd"
"1"," 0.04701624"
"1"," 0.03163024"
"1","   0.13"
"1"," 0.1371646"
"1"," -0.008394381"
"1"," 0.09565985"
"1","
"
"1"," "
"1","         cilo"
"1","       cihi"
"1","        skew"
"1","  kurtosis"
"1","         min"
"1","       max"
"1"," level"
"1"," nvalid"
"1"," brep"
"1","    ci_note"
"1","     time"
"1","
1"
"1"," -0.004199801"
"1"," 0.14482072"
"1","  0.07955936"
"1"," 0.2861927"
"1"," -0.04850427"
"1"," 0.1926177"
"1","   0.9"
"1","    200"
"1","  200"
"1","       perc"
"1"," 3.074777"
"1","
2"
"1"," -0.003195826"
"1"," 0.09895064"
"1"," -0.11991976"
"1"," 0.4468578"
"1"," -0.04867429"
"1"," 0.1455452"
"1","   0.9"
"1","    200"
"1","  200"
"1","       perc"
"1"," 3.074571"
"1","
3"
"1"," -0.019590342"
"1"," 0.14040834"
"1","  0.07955936"
"1"," 0.2861927"
"1"," -0.04850427"
"1"," 0.1926177"
"1","   0.9"
"1","    200"
"1","  200"
"1"," bca.simple"
"1"," 3.075024"
"1","
4"
"1"," -0.018181139"
"1"," 0.09097888"
"1"," -0.11991976"
"1"," 0.4468578"
"1"," -0.04867429"
"1"," 0.1455452"
"1","   0.9"
"1","    200"
"1","  200"
"1"," bca.simple"
"1"," 3.082914"
"1","
"
"1","
"
"1","
"
"1","[[2]]
"
"1","[[2]]$mc_ml
"
"1"," "
"1"," taskid"
"1"," repid"
"1","      method"
"1"," param"
"1","        est"
"1","         se"
"1"," pvalue"
"1","     pvaluez"
"1","      ciloz"
"1","     cihiz"
"1","       cilo"
"1","      cihi"
"1","
1"
"1","    940"
"1","     2"
"1"," Monte Carlo"
"1"," abraw"
"1"," 0.08852928"
"1"," 0.03055830"
"1","  0.004"
"1"," 0.003766757"
"1"," 0.03826535"
"1"," 0.1387932"
"1"," 0.04179642"
"1"," 0.1396677"
"1","
2"
"1","    940"
"1","     2"
"1"," Monte Carlo"
"1"," abstd"
"1"," 0.11432118"
"1"," 0.03671059"
"1","  0.004"
"1"," 0.001844942"
"1"," 0.05393764"
"1"," 0.1747047"
"1"," 0.05500323"
"1"," 0.1785342"
"1","
3"
"1","    940"
"1","     2"
"1"," Monte Carlo"
"1"," abstd"
"1"," 0.11432118"
"1"," 0.03671059"
"1","  0.000"
"1"," 0.001844942"
"1"," 0.05393764"
"1"," 0.1747047"
"1"," 0.05618271"
"1"," 0.1740179"
"1","
"
"1"," "
"1","      skew"
"1","  kurtosis"
"1","           min"
"1","       max"
"1"," level"
"1"," nvalid"
"1"," brep"
"1","          ci_note"
"1","       time"
"1","
1"
"1"," 0.2322115"
"1"," 0.1287724"
"1"," -0.0122193193"
"1"," 0.2013183"
"1","   0.9"
"1","   1000"
"1"," 1000"
"1"," Use default VCOV"
"1"," 0.03646091"
"1","
2"
"1"," 0.1965888"
"1"," 0.1979211"
"1"," -0.0189956252"
"1"," 0.2482230"
"1","   0.9"
"1","   1000"
"1"," 1000"
"1"," Use default VCOV"
"1"," 0.03721312"
"1","
3"
"1"," 0.1787926"
"1"," 0.1937435"
"1","  0.0004892959"
"1"," 0.2419945"
"1","   0.9"
"1","   1000"
"1"," 1000"
"1","   Use delta VCOV"
"1"," 0.08217910"
"1","
"
"1","
"
"1","[[2]]$mc_mlr
"
"1"," "
"1"," taskid"
"1"," repid"
"1","      method"
"1"," param"
"1","        est"
"1","         se"
"1"," pvalue"
"1","     pvaluez"
"1","      ciloz"
"1","     cihiz"
"1","       cilo"
"1","      cihi"
"1","
1"
"1","    940"
"1","     2"
"1"," Monte Carlo"
"1"," abraw"
"1"," 0.08852928"
"1"," 0.03123246"
"1","  0.006"
"1"," 0.004589343"
"1"," 0.03715646"
"1"," 0.1399021"
"1"," 0.03752911"
"1"," 0.1430948"
"1","
2"
"1","    940"
"1","     2"
"1"," Monte Carlo"
"1"," abstd"
"1"," 0.11432118"
"1"," 0.03784061"
"1","  0.006"
"1"," 0.002518381"
"1"," 0.05207892"
"1"," 0.1765634"
"1"," 0.05027848"
"1"," 0.1791122"
"1","
3"
"1","    940"
"1","     2"
"1"," Monte Carlo"
"1"," abstd"
"1"," 0.11432118"
"1"," 0.03784061"
"1","  0.000"
"1"," 0.002518381"
"1"," 0.05207892"
"1"," 0.1765634"
"1"," 0.05516643"
"1"," 0.1773934"
"1","
"
"1"," "
"1","       skew"
"1","    kurtosis"
"1","          min"
"1","       max"
"1"," level"
"1"," nvalid"
"1"," brep"
"1","          ci_note"
"1","       time"
"1","
1"
"1"," 0.19755370"
"1"," 0.256581990"
"1"," -0.017854882"
"1"," 0.2118842"
"1","   0.9"
"1","   1000"
"1"," 1000"
"1"," Use default VCOV"
"1"," 0.07598717"
"1","
2"
"1"," 0.03837220"
"1"," 0.224915542"
"1"," -0.022792032"
"1"," 0.2365315"
"1","   0.9"
"1","   1000"
"1"," 1000"
"1"," Use default VCOV"
"1"," 0.07554919"
"1","
3"
"1"," 0.09492967"
"1"," 0.001426159"
"1","  0.003799815"
"1"," 0.2359400"
"1","   0.9"
"1","   1000"
"1"," 1000"
"1","   Use delta VCOV"
"1"," 0.11651117"
"1","
"
"1","
"
"1","[[2]]$nb
"
"1"," "
"1"," taskid"
"1"," repid"
"1","                      method"
"1"," param"
"1","        est"
"1","         se"
"1"," pvalue"
"1","     pvaluez"
"1","      ciloz"
"1","     cihiz"
"1","
1"
"1","    940"
"1","     2"
"1"," Nonparametric Bootstrapping"
"1"," abraw"
"1"," 0.08852928"
"1"," 0.03082728"
"1","      0"
"1"," 0.004081624"
"1"," 0.03463856"
"1"," 0.1360513"
"1","
2"
"1","    940"
"1","     2"
"1"," Nonparametric Bootstrapping"
"1"," abstd"
"1"," 0.11432118"
"1"," 0.03609717"
"1","      0"
"1"," 0.001539989"
"1"," 0.05146722"
"1"," 0.1702163"
"1","
3"
"1","    940"
"1","     2"
"1"," Nonparametric Bootstrapping"
"1"," abraw"
"1"," 0.08852928"
"1"," 0.03082728"
"1","      0"
"1"," 0.004081624"
"1"," 0.03463856"
"1"," 0.1360513"
"1","
4"
"1","    940"
"1","     2"
"1"," Nonparametric Bootstrapping"
"1"," abstd"
"1"," 0.11432118"
"1"," 0.03609717"
"1","      0"
"1"," 0.001539989"
"1"," 0.05146722"
"1"," 0.1702163"
"1","
"
"1"," "
"1","       cilo"
"1","      cihi"
"1","      skew"
"1","   kurtosis"
"1","        min"
"1","       max"
"1"," level"
"1"," nvalid"
"1"," brep"
"1","    ci_note"
"1","     time"
"1","
1"
"1"," 0.04416103"
"1"," 0.1518506"
"1"," 0.5276833"
"1"," 0.04075281"
"1"," 0.02695285"
"1"," 0.1837950"
"1","   0.9"
"1","    200"
"1","  200"
"1","       perc"
"1"," 2.895180"
"1","
2"
"1"," 0.06082806"
"1"," 0.1851846"
"1"," 0.4820673"
"1"," 0.42317986"
"1"," 0.03753687"
"1"," 0.2338608"
"1","   0.9"
"1","    200"
"1","  200"
"1","       perc"
"1"," 2.894999"
"1","
3"
"1"," 0.04403325"
"1"," 0.1504665"
"1"," 0.5276833"
"1"," 0.04075281"
"1"," 0.02695285"
"1"," 0.1837950"
"1","   0.9"
"1","    200"
"1","  200"
"1"," bca.simple"
"1"," 2.894884"
"1","
4"
"1"," 0.05728675"
"1"," 0.1740907"
"1"," 0.4820673"
"1"," 0.42317986"
"1"," 0.03753687"
"1"," 0.2338608"
"1","   0.9"
"1","    200"
"1","  200"
"1"," bca.simple"
"1"," 2.894957"
"1","
"
"1","
"
"1","
"
"1","[[3]]
"
"1","[[3]]$mc_ml
"
"1"," "
"1"," taskid"
"1"," repid"
"1","      method"
"1"," param"
"1","       est"
"1","         se"
"1"," pvalue"
"1","     pvaluez"
"1","      ciloz"
"1","     cihiz"
"1","       cilo"
"1","      cihi"
"1","
1"
"1","    940"
"1","     3"
"1"," Monte Carlo"
"1"," abraw"
"1"," 0.1097228"
"1"," 0.03823955"
"1","  0.002"
"1"," 0.004113130"
"1"," 0.04682429"
"1"," 0.1726212"
"1"," 0.04854102"
"1"," 0.1758363"
"1","
2"
"1","    940"
"1","     3"
"1"," Monte Carlo"
"1"," abstd"
"1"," 0.1131431"
"1"," 0.03673432"
"1","  0.002"
"1"," 0.002069741"
"1"," 0.05272052"
"1"," 0.1735657"
"1"," 0.05384266"
"1"," 0.1716048"
"1","
3"
"1","    940"
"1","     3"
"1"," Monte Carlo"
"1"," abstd"
"1"," 0.1131431"
"1"," 0.03673432"
"1","  0.002"
"1"," 0.002069741"
"1"," 0.05272052"
"1"," 0.1735657"
"1"," 0.05468343"
"1"," 0.1733226"
"1","
"
"1"," "
"1","      skew"
"1","    kurtosis"
"1","          min"
"1","       max"
"1"," level"
"1"," nvalid"
"1"," brep"
"1","          ci_note"
"1","       time"
"1","
1"
"1"," 0.2044366"
"1","  0.02443155"
"1"," -0.002915291"
"1"," 0.2586855"
"1","   0.9"
"1","   1000"
"1"," 1000"
"1"," Use default VCOV"
"1"," 0.04109600"
"1","
2"
"1"," 0.1096677"
"1"," -0.02738739"
"1"," -0.003095264"
"1"," 0.2242885"
"1","   0.9"
"1","   1000"
"1"," 1000"
"1"," Use default VCOV"
"1"," 0.03598001"
"1","
3"
"1"," 0.1495931"
"1"," -0.02444463"
"1"," -0.010769653"
"1"," 0.2436363"
"1","   0.9"
"1","   1000"
"1"," 1000"
"1","   Use delta VCOV"
"1"," 0.07604697"
"1","
"
"1","
"
"1","[[3]]$mc_mlr
"
"1"," "
"1"," taskid"
"1"," repid"
"1","      method"
"1"," param"
"1","       est"
"1","         se"
"1"," pvalue"
"1","     pvaluez"
"1","      ciloz"
"1","     cihiz"
"1","       cilo"
"1","      cihi"
"1","
1"
"1","    940"
"1","     3"
"1"," Monte Carlo"
"1"," abraw"
"1"," 0.1097228"
"1"," 0.03988297"
"1","  0.002"
"1"," 0.005939222"
"1"," 0.04412111"
"1"," 0.1753244"
"1"," 0.04524644"
"1"," 0.1773595"
"1","
2"
"1","    940"
"1","     3"
"1"," Monte Carlo"
"1"," abstd"
"1"," 0.1131431"
"1"," 0.03829472"
"1","  0.002"
"1"," 0.003131401"
"1"," 0.05015389"
"1"," 0.1761323"
"1"," 0.04934541"
"1"," 0.1803323"
"1","
3"
"1","    940"
"1","     3"
"1"," Monte Carlo"
"1"," abstd"
"1"," 0.1131431"
"1"," 0.03829472"
"1","  0.004"
"1"," 0.003131401"
"1"," 0.05015389"
"1"," 0.1761323"
"1"," 0.05085285"
"1"," 0.1772225"
"1","
"
"1"," "
"1","      skew"
"1","   kurtosis"
"1","          min"
"1","       max"
"1"," level"
"1"," nvalid"
"1"," brep"
"1","          ci_note"
"1","       time"
"1","
1"
"1"," 0.1369439"
"1"," -0.2347383"
"1"," -0.001853711"
"1"," 0.2514241"
"1","   0.9"
"1","   1000"
"1"," 1000"
"1"," Use default VCOV"
"1"," 0.06653911"
"1","
2"
"1"," 0.1431343"
"1"," -0.1571449"
"1"," -0.002008182"
"1"," 0.2503041"
"1","   0.9"
"1","   1000"
"1"," 1000"
"1"," Use default VCOV"
"1"," 0.06543213"
"1","
3"
"1"," 0.1451366"
"1","  0.1214809"
"1"," -0.016109938"
"1"," 0.2501295"
"1","   0.9"
"1","   1000"
"1"," 1000"
"1","   Use delta VCOV"
"1"," 0.11066204"
"1","
"
"1","
"
"1","[[3]]$nb
"
"1"," "
"1"," taskid"
"1"," repid"
"1","                      method"
"1"," param"
"1","       est"
"1","         se"
"1"," pvalue"
"1","     pvaluez"
"1","      ciloz"
"1","     cihiz"
"1","
1"
"1","    940"
"1","     3"
"1"," Nonparametric Bootstrapping"
"1"," abraw"
"1"," 0.1097228"
"1"," 0.03892861"
"1","      0"
"1"," 0.004823908"
"1"," 0.04432954"
"1"," 0.1723933"
"1","
2"
"1","    940"
"1","     3"
"1"," Nonparametric Bootstrapping"
"1"," abstd"
"1"," 0.1131431"
"1"," 0.03818470"
"1","      0"
"1"," 0.003046091"
"1"," 0.04730765"
"1"," 0.1729241"
"1","
3"
"1","    940"
"1","     3"
"1"," Nonparametric Bootstrapping"
"1"," abraw"
"1"," 0.1097228"
"1"," 0.03892861"
"1","      0"
"1"," 0.004823908"
"1"," 0.04432954"
"1"," 0.1723933"
"1","
4"
"1","    940"
"1","     3"
"1"," Nonparametric Bootstrapping"
"1"," abstd"
"1"," 0.1131431"
"1"," 0.03818470"
"1","      0"
"1"," 0.003046091"
"1"," 0.04730765"
"1"," 0.1729241"
"1","
"
"1"," "
"1","       cilo"
"1","      cihi"
"1","      skew"
"1","   kurtosis"
"1","        min"
"1","       max"
"1"," level"
"1"," nvalid"
"1"," brep"
"1","    ci_note"
"1","     time"
"1","
1"
"1"," 0.05260910"
"1"," 0.1758791"
"1"," 0.4069705"
"1"," 0.13810550"
"1"," 0.02641407"
"1"," 0.2311758"
"1","   0.9"
"1","    200"
"1","  200"
"1","       perc"
"1"," 2.865629"
"1","
2"
"1"," 0.05216309"
"1"," 0.1793000"
"1"," 0.2784683"
"1"," 0.04208164"
"1"," 0.02755524"
"1"," 0.2387965"
"1","   0.9"
"1","    200"
"1","  200"
"1","       perc"
"1"," 2.864756"
"1","
3"
"1"," 0.05173997"
"1"," 0.1740983"
"1"," 0.4069705"
"1"," 0.13810550"
"1"," 0.02641407"
"1"," 0.2311758"
"1","   0.9"
"1","    200"
"1","  200"
"1"," bca.simple"
"1"," 2.865335"
"1","
4"
"1"," 0.05346634"
"1"," 0.1827272"
"1"," 0.2784683"
"1"," 0.04208164"
"1"," 0.02755524"
"1"," 0.2387965"
"1","   0.9"
"1","    200"
"1","  200"
"1"," bca.simple"
"1"," 2.865219"
"1","
"
"1","
"
"1","
"
"1","[[4]]
"
"1","[[4]]$mc_ml
"
"1"," "
"1"," taskid"
"1"," repid"
"1","      method"
"1"," param"
"1","        est"
"1","         se"
"1"," pvalue"
"1","    pvaluez"
"1","      ciloz"
"1","     cihiz"
"1","       cilo"
"1","      cihi"
"1","
1"
"1","    940"
"1","     4"
"1"," Monte Carlo"
"1"," abraw"
"1"," 0.09429945"
"1"," 0.04547702"
"1","  0.044"
"1"," 0.03811994"
"1"," 0.01949641"
"1"," 0.1691025"
"1"," 0.01653495"
"1"," 0.1708377"
"1","
2"
"1","    940"
"1","     4"
"1"," Monte Carlo"
"1"," abstd"
"1"," 0.08773734"
"1"," 0.04079604"
"1","  0.044"
"1"," 0.03150514"
"1"," 0.02063382"
"1"," 0.1548409"
"1"," 0.01704310"
"1"," 0.1546362"
"1","
3"
"1","    940"
"1","     4"
"1"," Monte Carlo"
"1"," abstd"
"1"," 0.08773734"
"1"," 0.04079604"
"1","  0.022"
"1"," 0.03150514"
"1"," 0.02063382"
"1"," 0.1548409"
"1"," 0.02546622"
"1"," 0.1581670"
"1","
"
"1"," "
"1","        skew"
"1","   kurtosis"
"1","         min"
"1","       max"
"1"," level"
"1"," nvalid"
"1"," brep"
"1","          ci_note"
"1","       time"
"1","
1"
"1","  0.01394676"
"1"," 0.07283545"
"1"," -0.05815140"
"1"," 0.2298390"
"1","   0.9"
"1","   1000"
"1"," 1000"
"1"," Use default VCOV"
"1"," 0.04157212"
"1","
2"
"1"," -0.07112070"
"1"," 0.31208729"
"1"," -0.07373840"
"1"," 0.2475871"
"1","   0.9"
"1","   1000"
"1"," 1000"
"1"," Use default VCOV"
"1"," 0.03577092"
"1","
3"
"1","  0.09123859"
"1"," 0.13787391"
"1"," -0.04769116"
"1"," 0.2310985"
"1","   0.9"
"1","   1000"
"1"," 1000"
"1","   Use delta VCOV"
"1"," 0.07845095"
"1","
"
"1","
"
"1","[[4]]$mc_mlr
"
"1"," "
"1"," taskid"
"1"," repid"
"1","      method"
"1"," param"
"1","        est"
"1","         se"
"1"," pvalue"
"1","    pvaluez"
"1","      ciloz"
"1","     cihiz"
"1","       cilo"
"1","      cihi"
"1","
1"
"1","    940"
"1","     4"
"1"," Monte Carlo"
"1"," abraw"
"1"," 0.09429945"
"1"," 0.04184632"
"1","  0.020"
"1"," 0.02422949"
"1"," 0.02546838"
"1"," 0.1631305"
"1"," 0.02653562"
"1"," 0.1646044"
"1","
2"
"1","    940"
"1","     4"
"1"," Monte Carlo"
"1"," abstd"
"1"," 0.08773734"
"1"," 0.03851524"
"1","  0.020"
"1"," 0.02272716"
"1"," 0.02438541"
"1"," 0.1510893"
"1"," 0.02357658"
"1"," 0.1514402"
"1","
3"
"1","    940"
"1","     4"
"1"," Monte Carlo"
"1"," abstd"
"1"," 0.08773734"
"1"," 0.03851524"
"1","  0.026"
"1"," 0.02272716"
"1"," 0.02438541"
"1"," 0.1510893"
"1"," 0.02594397"
"1"," 0.1524093"
"1","
"
"1"," "
"1","      skew"
"1","   kurtosis"
"1","         min"
"1","       max"
"1"," level"
"1"," nvalid"
"1"," brep"
"1","          ci_note"
"1","       time"
"1","
1"
"1"," 0.2291474"
"1"," 0.52871381"
"1"," -0.03581025"
"1"," 0.2982558"
"1","   0.9"
"1","   1000"
"1"," 1000"
"1"," Use default VCOV"
"1"," 0.07580883"
"1","
2"
"1"," 0.2919915"
"1"," 0.47564981"
"1"," -0.02764606"
"1"," 0.2405404"
"1","   0.9"
"1","   1000"
"1"," 1000"
"1"," Use default VCOV"
"1"," 0.07561810"
"1","
3"
"1"," 0.0609279"
"1"," 0.03312866"
"1"," -0.04998958"
"1"," 0.2135636"
"1","   0.9"
"1","   1000"
"1"," 1000"
"1","   Use delta VCOV"
"1"," 0.12149007"
"1","
"
"1","
"
"1","[[4]]$nb
"
"1"," "
"1"," taskid"
"1"," repid"
"1","                      method"
"1"," param"
"1","        est"
"1","         se"
"1"," pvalue"
"1","    pvaluez"
"1","      ciloz"
"1","     cihiz"
"1","
1"
"1","    940"
"1","     4"
"1"," Nonparametric Bootstrapping"
"1"," abraw"
"1"," 0.09429945"
"1"," 0.04130785"
"1","   0.02"
"1"," 0.02243945"
"1"," 0.02864220"
"1"," 0.1645329"
"1","
2"
"1","    940"
"1","     4"
"1"," Nonparametric Bootstrapping"
"1"," abstd"
"1"," 0.08773734"
"1"," 0.03633797"
"1","   0.02"
"1"," 0.01575764"
"1"," 0.03009298"
"1"," 0.1496343"
"1","
3"
"1","    940"
"1","     4"
"1"," Nonparametric Bootstrapping"
"1"," abraw"
"1"," 0.09429945"
"1"," 0.04130785"
"1","   0.02"
"1"," 0.02243945"
"1"," 0.02864220"
"1"," 0.1645329"
"1","
4"
"1","    940"
"1","     4"
"1"," Nonparametric Bootstrapping"
"1"," abstd"
"1"," 0.08773734"
"1"," 0.03633797"
"1","   0.02"
"1"," 0.01575764"
"1"," 0.03009298"
"1"," 0.1496343"
"1","
"
"1"," "
"1","       cilo"
"1","      cihi"
"1","        skew"
"1","    kurtosis"
"1","         min"
"1","       max"
"1"," level"
"1"," nvalid"
"1"," brep"
"1","    ci_note"
"1","     time"
"1","
1"
"1"," 0.02755370"
"1"," 0.1598566"
"1","  0.02008843"
"1"," -0.28896541"
"1"," -0.04229255"
"1"," 0.1893935"
"1","   0.9"
"1","    200"
"1","  200"
"1","       perc"
"1"," 2.974839"
"1","
2"
"1"," 0.02516402"
"1"," 0.1443699"
"1"," -0.07269373"
"1"," -0.04151596"
"1"," -0.03388541"
"1"," 0.1856719"
"1","   0.9"
"1","    200"
"1","  200"
"1","       perc"
"1"," 2.974979"
"1","
3"
"1"," 0.03632765"
"1"," 0.1681162"
"1","  0.02008843"
"1"," -0.28896541"
"1"," -0.04229255"
"1"," 0.1893935"
"1","   0.9"
"1","    200"
"1","  200"
"1"," bca.simple"
"1"," 2.974841"
"1","
4"
"1"," 0.02765507"
"1"," 0.1460274"
"1"," -0.07269373"
"1"," -0.04151596"
"1"," -0.03388541"
"1"," 0.1856719"
"1","   0.9"
"1","    200"
"1","  200"
"1"," bca.simple"
"1"," 2.974769"
"1","
"
"1","
"
"1","
"
"1","[[5]]
"
"1","[[5]]$mc_ml
"
"1"," "
"1"," taskid"
"1"," repid"
"1","      method"
"1"," param"
"1","        est"
"1","         se"
"1"," pvalue"
"1","   pvaluez"
"1","       ciloz"
"1","      cihiz"
"1","        cilo"
"1","       cihi"
"1","
1"
"1","    940"
"1","     5"
"1"," Monte Carlo"
"1"," abraw"
"1"," 0.03579449"
"1"," 0.03839317"
"1","  0.352"
"1"," 0.3511743"
"1"," -0.02735666"
"1"," 0.09894563"
"1"," -0.02825070"
"1"," 0.09609092"
"1","
2"
"1","    940"
"1","     5"
"1"," Monte Carlo"
"1"," abstd"
"1"," 0.03148722"
"1"," 0.03346514"
"1","  0.352"
"1"," 0.3467581"
"1"," -0.02355804"
"1"," 0.08653248"
"1"," -0.02561942"
"1"," 0.08397806"
"1","
3"
"1","    940"
"1","     5"
"1"," Monte Carlo"
"1"," abstd"
"1"," 0.03148722"
"1"," 0.03346514"
"1","  0.338"
"1"," 0.3467581"
"1"," -0.02355804"
"1"," 0.08653248"
"1"," -0.02120074"
"1"," 0.08503612"
"1","
"
"1"," "
"1","        skew"
"1","   kurtosis"
"1","         min"
"1","       max"
"1"," level"
"1"," nvalid"
"1"," brep"
"1","          ci_note"
"1","       time"
"1","
1"
"1"," -0.09561966"
"1"," 0.08683065"
"1"," -0.08859281"
"1"," 0.1660985"
"1","   0.9"
"1","   1000"
"1"," 1000"
"1"," Use default VCOV"
"1"," 0.05663495"
"1","
2"
"1"," -0.11485258"
"1"," 0.14719254"
"1"," -0.09585952"
"1"," 0.1360822"
"1","   0.9"
"1","   1000"
"1"," 1000"
"1"," Use default VCOV"
"1"," 0.05551510"
"1","
3"
"1"," -0.08235924"
"1"," 0.20529375"
"1"," -0.07604374"
"1"," 0.1439975"
"1","   0.9"
"1","   1000"
"1"," 1000"
"1","   Use delta VCOV"
"1"," 0.10338216"
"1","
"
"1","
"
"1","[[5]]$mc_mlr
"
"1"," "
"1"," taskid"
"1"," repid"
"1","      method"
"1"," param"
"1","        est"
"1","         se"
"1"," pvalue"
"1","   pvaluez"
"1","       ciloz"
"1","      cihiz"
"1","        cilo"
"1","       cihi"
"1","
1"
"1","    940"
"1","     5"
"1"," Monte Carlo"
"1"," abraw"
"1"," 0.03579449"
"1"," 0.03673606"
"1","  0.316"
"1"," 0.3298733"
"1"," -0.02463096"
"1"," 0.09621994"
"1"," -0.02579776"
"1"," 0.09845787"
"1","
2"
"1","    940"
"1","     5"
"1"," Monte Carlo"
"1"," abstd"
"1"," 0.03148722"
"1"," 0.03231512"
"1","  0.316"
"1"," 0.3298676"
"1"," -0.02166641"
"1"," 0.08464086"
"1"," -0.02132210"
"1"," 0.08662972"
"1","
3"
"1","    940"
"1","     5"
"1"," Monte Carlo"
"1"," abstd"
"1"," 0.03148722"
"1"," 0.03231512"
"1","  0.320"
"1"," 0.3298676"
"1"," -0.02166641"
"1"," 0.08464086"
"1"," -0.02497566"
"1"," 0.08040136"
"1","
"
"1"," "
"1","       skew"
"1","    kurtosis"
"1","         min"
"1","       max"
"1"," level"
"1"," nvalid"
"1"," brep"
"1","          ci_note"
"1","       time"
"1","
1"
"1","  0.1605329"
"1","  0.57275320"
"1"," -0.08183961"
"1"," 0.1925196"
"1","   0.9"
"1","   1000"
"1"," 1000"
"1"," Use default VCOV"
"1"," 0.06600386"
"1","
2"
"1","  0.1104348"
"1","  0.41987773"
"1"," -0.08314781"
"1"," 0.1522932"
"1","   0.9"
"1","   1000"
"1"," 1000"
"1"," Use default VCOV"
"1"," 0.06547290"
"1","
3"
"1"," -0.1146368"
"1"," -0.01629337"
"1"," -0.06185812"
"1"," 0.1192130"
"1","   0.9"
"1","   1000"
"1"," 1000"
"1","   Use delta VCOV"
"1"," 0.10970598"
"1","
"
"1","
"
"1","[[5]]$nb
"
"1"," "
"1"," taskid"
"1"," repid"
"1","                      method"
"1"," param"
"1","        est"
"1","         se"
"1"," pvalue"
"1","   pvaluez"
"1","       ciloz"
"1","      cihiz"
"1","
1"
"1","    940"
"1","     5"
"1"," Nonparametric Bootstrapping"
"1"," abraw"
"1"," 0.03579449"
"1"," 0.03698524"
"1","   0.33"
"1"," 0.3331419"
"1"," -0.02614723"
"1"," 0.09552339"
"1","
2"
"1","    940"
"1","     5"
"1"," Nonparametric Bootstrapping"
"1"," abstd"
"1"," 0.03148722"
"1"," 0.03216529"
"1","   0.33"
"1"," 0.3276199"
"1"," -0.02224505"
"1"," 0.08356934"
"1","
3"
"1","    940"
"1","     5"
"1"," Nonparametric Bootstrapping"
"1"," abraw"
"1"," 0.03579449"
"1"," 0.03698524"
"1","   0.33"
"1"," 0.3331419"
"1"," -0.02614723"
"1"," 0.09552339"
"1","
4"
"1","    940"
"1","     5"
"1"," Nonparametric Bootstrapping"
"1"," abstd"
"1"," 0.03148722"
"1"," 0.03216529"
"1","   0.33"
"1"," 0.3276199"
"1"," -0.02224505"
"1"," 0.08356934"
"1","
"
"1"," "
"1","        cilo"
"1","       cihi"
"1","        skew"
"1","   kurtosis"
"1","         min"
"1","       max"
"1"," level"
"1"," nvalid"
"1"," brep"
"1","    ci_note"
"1","     time"
"1","
1"
"1"," -0.02419238"
"1"," 0.09535771"
"1","  0.04128231"
"1"," 0.13655842"
"1"," -0.06423666"
"1"," 0.1437319"
"1","   0.9"
"1","    200"
"1","  200"
"1","       perc"
"1"," 3.036027"
"1","
2"
"1"," -0.02274322"
"1"," 0.08365111"
"1"," -0.02554628"
"1"," 0.02395765"
"1"," -0.05871452"
"1"," 0.1173571"
"1","   0.9"
"1","    200"
"1","  200"
"1","       perc"
"1"," 3.038607"
"1","
3"
"1"," -0.02332960"
"1"," 0.09960625"
"1","  0.04128231"
"1"," 0.13655842"
"1"," -0.06423666"
"1"," 0.1437319"
"1","   0.9"
"1","    200"
"1","  200"
"1"," bca.simple"
"1"," 3.034929"
"1","
4"
"1"," -0.01987464"
"1"," 0.08478162"
"1"," -0.02554628"
"1"," 0.02395765"
"1"," -0.05871452"
"1"," 0.1173571"
"1","   0.9"
"1","    200"
"1","  200"
"1"," bca.simple"
"1"," 3.035539"
"1","
"
"1","
"
"1","
"
"1","[[6]]
"
"1","[[6]]$mc_ml
"
"1"," "
"1"," taskid"
"1"," repid"
"1","      method"
"1"," param"
"1","       est"
"1","         se"
"1"," pvalue"
"1","      pvaluez"
"1","      ciloz"
"1","     cihiz"
"1","      cilo"
"1","      cihi"
"1","
1"
"1","    940"
"1","     6"
"1"," Monte Carlo"
"1"," abraw"
"1"," 0.1792039"
"1"," 0.05112753"
"1","  0.002"
"1"," 4.565433e-04"
"1"," 0.09510659"
"1"," 0.2633012"
"1"," 0.1005734"
"1"," 0.2641390"
"1","
2"
"1","    940"
"1","     6"
"1"," Monte Carlo"
"1"," abstd"
"1"," 0.1735232"
"1"," 0.04393128"
"1","  0.002"
"1"," 7.819092e-05"
"1"," 0.10126268"
"1"," 0.2457837"
"1"," 0.1017313"
"1"," 0.2466907"
"1","
3"
"1","    940"
"1","     6"
"1"," Monte Carlo"
"1"," abstd"
"1"," 0.1735232"
"1"," 0.04393128"
"1","  0.000"
"1"," 7.819091e-05"
"1"," 0.10126268"
"1"," 0.2457837"
"1"," 0.1036519"
"1"," 0.2493643"
"1","
"
"1"," "
"1","       skew"
"1","  kurtosis"
"1","          min"
"1","       max"
"1"," level"
"1"," nvalid"
"1"," brep"
"1","          ci_note"
"1","       time"
"1","
1"
"1"," 0.11516938"
"1"," 0.2586480"
"1"," -0.005808122"
"1"," 0.3438061"
"1","   0.9"
"1","   1000"
"1"," 1000"
"1"," Use default VCOV"
"1"," 0.05703311"
"1","
2"
"1"," 0.08817023"
"1"," 0.4487992"
"1"," -0.005603115"
"1"," 0.3196232"
"1","   0.9"
"1","   1000"
"1"," 1000"
"1"," Use default VCOV"
"1"," 0.05543380"
"1","
3"
"1"," 0.21429922"
"1"," 0.1794710"
"1","  0.044138942"
"1"," 0.3480304"
"1","   0.9"
"1","   1000"
"1"," 1000"
"1","   Use delta VCOV"
"1"," 0.09829001"
"1","
"
"1","
"
"1","[[6]]$mc_mlr
"
"1"," "
"1"," taskid"
"1"," repid"
"1","      method"
"1"," param"
"1","       est"
"1","         se"
"1"," pvalue"
"1","      pvaluez"
"1","      ciloz"
"1","     cihiz"
"1","       cilo"
"1","      cihi"
"1","
1"
"1","    940"
"1","     6"
"1"," Monte Carlo"
"1"," abraw"
"1"," 0.1792039"
"1"," 0.05094735"
"1","      0"
"1"," 4.357420e-04"
"1"," 0.09540296"
"1"," 0.2630048"
"1"," 0.09302575"
"1"," 0.2666088"
"1","
2"
"1","    940"
"1","     6"
"1"," Monte Carlo"
"1"," abstd"
"1"," 0.1735232"
"1"," 0.04415727"
"1","      0"
"1"," 8.506488e-05"
"1"," 0.10089095"
"1"," 0.2461554"
"1"," 0.09590365"
"1"," 0.2448012"
"1","
3"
"1","    940"
"1","     6"
"1"," Monte Carlo"
"1"," abstd"
"1"," 0.1735232"
"1"," 0.04415727"
"1","      0"
"1"," 8.506487e-05"
"1"," 0.10089095"
"1"," 0.2461554"
"1"," 0.10336653"
"1"," 0.2450184"
"1","
"
"1"," "
"1","       skew"
"1","  kurtosis"
"1","        min"
"1","       max"
"1"," level"
"1"," nvalid"
"1"," brep"
"1","          ci_note"
"1","       time"
"1","
1"
"1"," 0.16438657"
"1"," 0.0722151"
"1"," 0.02622780"
"1"," 0.3778371"
"1","   0.9"
"1","   1000"
"1"," 1000"
"1"," Use default VCOV"
"1"," 0.08100993"
"1","
2"
"1"," 0.03792399"
"1"," 0.0278149"
"1"," 0.03555101"
"1"," 0.3077783"
"1","   0.9"
"1","   1000"
"1"," 1000"
"1"," Use default VCOV"
"1"," 0.07567603"
"1","
3"
"1"," 0.13012228"
"1"," 0.2257000"
"1"," 0.04087743"
"1"," 0.3142667"
"1","   0.9"
"1","   1000"
"1"," 1000"
"1","   Use delta VCOV"
"1"," 0.11326510"
"1","
"
"1","
"
"1","[[6]]$nb
"
"1"," "
"1"," taskid"
"1"," repid"
"1","                      method"
"1"," param"
"1","       est"
"1","         se"
"1"," pvalue"
"1","      pvaluez"
"1","      ciloz"
"1","     cihiz"
"1","
1"
"1","    940"
"1","     6"
"1"," Nonparametric Bootstrapping"
"1"," abraw"
"1"," 0.1792039"
"1"," 0.05798906"
"1","      0"
"1"," 0.0019995102"
"1"," 0.08114675"
"1"," 0.2719138"
"1","
2"
"1","    940"
"1","     6"
"1"," Nonparametric Bootstrapping"
"1"," abstd"
"1"," 0.1735232"
"1"," 0.04795913"
"1","      0"
"1"," 0.0002967192"
"1"," 0.09283315"
"1"," 0.2506046"
"1","
3"
"1","    940"
"1","     6"
"1"," Nonparametric Bootstrapping"
"1"," abraw"
"1"," 0.1792039"
"1"," 0.05798906"
"1","      0"
"1"," 0.0019995102"
"1"," 0.08114675"
"1"," 0.2719138"
"1","
4"
"1","    940"
"1","     6"
"1"," Nonparametric Bootstrapping"
"1"," abstd"
"1"," 0.1735232"
"1"," 0.04795913"
"1","      0"
"1"," 0.0002967192"
"1"," 0.09283315"
"1"," 0.2506046"
"1","
"
"1"," "
"1","       cilo"
"1","      cihi"
"1","       skew"
"1","   kurtosis"
"1","        min"
"1","       max"
"1"," level"
"1"," nvalid"
"1"," brep"
"1","    ci_note"
"1","     time"
"1","
1"
"1"," 0.09406718"
"1"," 0.2752782"
"1","  0.1861535"
"1","  0.1356189"
"1"," 0.01084739"
"1"," 0.3814936"
"1","   0.9"
"1","    200"
"1","  200"
"1","       perc"
"1"," 2.985680"
"1","
2"
"1"," 0.09590457"
"1"," 0.2435561"
"1"," -0.2014299"
"1"," -0.1402517"
"1"," 0.01047838"
"1"," 0.2900236"
"1","   0.9"
"1","    200"
"1","  200"
"1","       perc"
"1"," 2.985216"
"1","
3"
"1"," 0.08981904"
"1"," 0.2706427"
"1","  0.1861535"
"1","  0.1356189"
"1"," 0.01084739"
"1"," 0.3814936"
"1","   0.9"
"1","    200"
"1","  200"
"1"," bca.simple"
"1"," 2.991651"
"1","
4"
"1"," 0.10392155"
"1"," 0.2518786"
"1"," -0.2014299"
"1"," -0.1402517"
"1"," 0.01047838"
"1"," 0.2900236"
"1","   0.9"
"1","    200"
"1","  200"
"1"," bca.simple"
"1"," 2.985622"
"1","
"
"1","
"
"1","
"
"1","[[7]]
"
"1","[[7]]$mc_ml
"
"1"," "
"1"," taskid"
"1"," repid"
"1","      method"
"1"," param"
"1","        est"
"1","         se"
"1"," pvalue"
"1","    pvaluez"
"1","      ciloz"
"1","     cihiz"
"1","       cilo"
"1","      cihi"
"1","
1"
"1","    940"
"1","     7"
"1"," Monte Carlo"
"1"," abraw"
"1"," 0.08652515"
"1"," 0.04175361"
"1","  0.034"
"1"," 0.03823939"
"1"," 0.01784657"
"1"," 0.1552037"
"1"," 0.01756473"
"1"," 0.1545958"
"1","
2"
"1","    940"
"1","     7"
"1"," Monte Carlo"
"1"," abstd"
"1"," 0.07795341"
"1"," 0.03620482"
"1","  0.034"
"1"," 0.03130907"
"1"," 0.01840178"
"1"," 0.1375050"
"1"," 0.01634788"
"1"," 0.1358965"
"1","
3"
"1","    940"
"1","     7"
"1"," Monte Carlo"
"1"," abstd"
"1"," 0.07795341"
"1"," 0.03620482"
"1","  0.024"
"1"," 0.03130907"
"1"," 0.01840178"
"1"," 0.1375050"
"1"," 0.02012135"
"1"," 0.1339188"
"1","
"
"1"," "
"1","        skew"
"1","    kurtosis"
"1","         min"
"1","       max"
"1"," level"
"1"," nvalid"
"1"," brep"
"1","          ci_note"
"1","       time"
"1","
1"
"1","  0.01328444"
"1"," -0.06351235"
"1"," -0.04829855"
"1"," 0.2177625"
"1","   0.9"
"1","   1000"
"1"," 1000"
"1"," Use default VCOV"
"1"," 0.03640297"
"1","
2"
"1"," -0.04891615"
"1","  0.03042402"
"1"," -0.05363604"
"1"," 0.1878591"
"1","   0.9"
"1","   1000"
"1"," 1000"
"1"," Use default VCOV"
"1"," 0.03537086"
"1","
3"
"1","  0.15426526"
"1","  0.20810662"
"1"," -0.02810004"
"1"," 0.2017845"
"1","   0.9"
"1","   1000"
"1"," 1000"
"1","   Use delta VCOV"
"1"," 0.07795098"
"1","
"
"1","
"
"1","[[7]]$mc_mlr
"
"1"," "
"1"," taskid"
"1"," repid"
"1","      method"
"1"," param"
"1","        est"
"1","         se"
"1"," pvalue"
"1","    pvaluez"
"1","      ciloz"
"1","     cihiz"
"1","        cilo"
"1","      cihi"
"1","
1"
"1","    940"
"1","     7"
"1"," Monte Carlo"
"1"," abraw"
"1"," 0.08652515"
"1"," 0.04640118"
"1","  0.068"
"1"," 0.06222082"
"1"," 0.01020201"
"1"," 0.1628483"
"1"," 0.007256368"
"1"," 0.1644715"
"1","
2"
"1","    940"
"1","     7"
"1"," Monte Carlo"
"1"," abstd"
"1"," 0.07795341"
"1"," 0.03897239"
"1","  0.068"
"1"," 0.04547635"
"1"," 0.01384953"
"1"," 0.1420573"
"1"," 0.007155926"
"1"," 0.1396842"
"1","
3"
"1","    940"
"1","     7"
"1"," Monte Carlo"
"1"," abstd"
"1"," 0.07795341"
"1"," 0.03897239"
"1","  0.036"
"1"," 0.04547635"
"1"," 0.01384953"
"1"," 0.1420573"
"1"," 0.018759765"
"1"," 0.1435025"
"1","
"
"1"," "
"1","        skew"
"1","   kurtosis"
"1","         min"
"1","       max"
"1"," level"
"1"," nvalid"
"1"," brep"
"1","          ci_note"
"1","       time"
"1","
1"
"1","  0.16499673"
"1","  0.7179043"
"1"," -0.05943787"
"1"," 0.2971594"
"1","   0.9"
"1","   1000"
"1"," 1000"
"1"," Use default VCOV"
"1"," 0.08546098"
"1","
2"
"1"," -0.08032613"
"1","  0.3351575"
"1"," -0.05274901"
"1"," 0.2081559"
"1","   0.9"
"1","   1000"
"1"," 1000"
"1"," Use default VCOV"
"1"," 0.08525284"
"1","
3"
"1","  0.20302136"
"1"," -0.0633250"
"1"," -0.01874038"
"1"," 0.2332122"
"1","   0.9"
"1","   1000"
"1"," 1000"
"1","   Use delta VCOV"
"1"," 0.12853797"
"1","
"
"1","
"
"1","[[7]]$nb
"
"1"," "
"1"," taskid"
"1"," repid"
"1","                      method"
"1"," param"
"1","        est"
"1","         se"
"1"," pvalue"
"1","    pvaluez"
"1","        ciloz"
"1","     cihiz"
"1","
1"
"1","    940"
"1","     7"
"1"," Nonparametric Bootstrapping"
"1"," abraw"
"1"," 0.08652515"
"1"," 0.04939388"
"1","   0.03"
"1"," 0.07981885"
"1"," 0.0009028178"
"1"," 0.1633942"
"1","
2"
"1","    940"
"1","     7"
"1"," Nonparametric Bootstrapping"
"1"," abstd"
"1"," 0.07795341"
"1"," 0.03886314"
"1","   0.03"
"1"," 0.04487288"
"1"," 0.0105422745"
"1"," 0.1383906"
"1","
3"
"1","    940"
"1","     7"
"1"," Nonparametric Bootstrapping"
"1"," abraw"
"1"," 0.08652515"
"1"," 0.04939388"
"1","   0.03"
"1"," 0.07981885"
"1"," 0.0009028178"
"1"," 0.1633942"
"1","
4"
"1","    940"
"1","     7"
"1"," Nonparametric Bootstrapping"
"1"," abstd"
"1"," 0.07795341"
"1"," 0.03886314"
"1","   0.03"
"1"," 0.04487288"
"1"," 0.0105422745"
"1"," 0.1383906"
"1","
"
"1"," "
"1","        cilo"
"1","      cihi"
"1","       skew"
"1","   kurtosis"
"1","        min"
"1","       max"
"1"," level"
"1"," nvalid"
"1"," brep"
"1","    ci_note"
"1","     time"
"1","
1"
"1"," 0.017651980"
"1"," 0.1797016"
"1"," 0.51642926"
"1","  0.5560393"
"1"," -0.0394660"
"1"," 0.2657015"
"1","   0.9"
"1","    200"
"1","  200"
"1","       perc"
"1"," 2.725330"
"1","
2"
"1"," 0.019225188"
"1"," 0.1484276"
"1"," 0.04112076"
"1"," -0.2753583"
"1"," -0.0341113"
"1"," 0.1788950"
"1","   0.9"
"1","    200"
"1","  200"
"1","       perc"
"1"," 2.724834"
"1","
3"
"1"," 0.012543557"
"1"," 0.1667078"
"1"," 0.51642926"
"1","  0.5560393"
"1"," -0.0394660"
"1"," 0.2657015"
"1","   0.9"
"1","    200"
"1","  200"
"1"," bca.simple"
"1"," 2.725617"
"1","
4"
"1"," 0.008849303"
"1"," 0.1365127"
"1"," 0.04112076"
"1"," -0.2753583"
"1"," -0.0341113"
"1"," 0.1788950"
"1","   0.9"
"1","    200"
"1","  200"
"1"," bca.simple"
"1"," 2.726154"
"1","
"
"1","
"
"1","
"
"1","[[8]]
"
"1","[[8]]$mc_ml
"
"1"," "
"1"," taskid"
"1"," repid"
"1","      method"
"1"," param"
"1","        est"
"1","         se"
"1"," pvalue"
"1","    pvaluez"
"1","      ciloz"
"1","     cihiz"
"1","       cilo"
"1","      cihi"
"1","
1"
"1","    940"
"1","     8"
"1"," Monte Carlo"
"1"," abraw"
"1"," 0.08781694"
"1"," 0.04132751"
"1","  0.028"
"1"," 0.03359471"
"1"," 0.01983924"
"1"," 0.1557946"
"1"," 0.02300921"
"1"," 0.1575868"
"1","
2"
"1","    940"
"1","     8"
"1"," Monte Carlo"
"1"," abstd"
"1"," 0.08261080"
"1"," 0.03687016"
"1","  0.028"
"1"," 0.02505285"
"1"," 0.02196478"
"1"," 0.1432568"
"1"," 0.02292537"
"1"," 0.1426603"
"1","
3"
"1","    940"
"1","     8"
"1"," Monte Carlo"
"1"," abstd"
"1"," 0.08261080"
"1"," 0.03687016"
"1","  0.012"
"1"," 0.02505285"
"1"," 0.02196478"
"1"," 0.1432568"
"1"," 0.02399132"
"1"," 0.1429178"
"1","
"
"1"," "
"1","      skew"
"1","  kurtosis"
"1","         min"
"1","       max"
"1"," level"
"1"," nvalid"
"1"," brep"
"1","          ci_note"
"1","       time"
"1","
1"
"1"," 0.3080740"
"1"," 0.7380302"
"1"," -0.02319367"
"1"," 0.3199244"
"1","   0.9"
"1","   1000"
"1"," 1000"
"1"," Use default VCOV"
"1"," 0.05555396"
"1","
2"
"1"," 0.2801072"
"1"," 1.1371258"
"1"," -0.02058116"
"1"," 0.3003890"
"1","   0.9"
"1","   1000"
"1"," 1000"
"1"," Use default VCOV"
"1"," 0.05554895"
"1","
3"
"1"," 0.1984977"
"1"," 0.2006254"
"1"," -0.02133829"
"1"," 0.2525987"
"1","   0.9"
"1","   1000"
"1"," 1000"
"1","   Use delta VCOV"
"1"," 0.09950595"
"1","
"
"1","
"
"1","[[8]]$mc_mlr
"
"1"," "
"1"," taskid"
"1"," repid"
"1","      method"
"1"," param"
"1","        est"
"1","         se"
"1"," pvalue"
"1","    pvaluez"
"1","      ciloz"
"1","     cihiz"
"1","       cilo"
"1","      cihi"
"1","
1"
"1","    940"
"1","     8"
"1"," Monte Carlo"
"1"," abraw"
"1"," 0.08781694"
"1"," 0.04623708"
"1","  0.050"
"1"," 0.05752830"
"1"," 0.01176371"
"1"," 0.1638702"
"1"," 0.01406241"
"1"," 0.1621741"
"1","
2"
"1","    940"
"1","     8"
"1"," Monte Carlo"
"1"," abstd"
"1"," 0.08261080"
"1"," 0.04107070"
"1","  0.050"
"1"," 0.04428017"
"1"," 0.01505551"
"1"," 0.1501661"
"1"," 0.01429661"
"1"," 0.1471668"
"1","
3"
"1","    940"
"1","     8"
"1"," Monte Carlo"
"1"," abstd"
"1"," 0.08261080"
"1"," 0.04107070"
"1","  0.042"
"1"," 0.04428017"
"1"," 0.01505551"
"1"," 0.1501661"
"1"," 0.01595952"
"1"," 0.1482983"
"1","
"
"1"," "
"1","         skew"
"1","    kurtosis"
"1","         min"
"1","       max"
"1"," level"
"1"," nvalid"
"1"," brep"
"1","          ci_note"
"1","       time"
"1","
1"
"1","  0.035646179"
"1"," 0.316865997"
"1"," -0.07577178"
"1"," 0.2447760"
"1","   0.9"
"1","   1000"
"1"," 1000"
"1"," Use default VCOV"
"1"," 0.08566101"
"1","
2"
"1"," -0.005734539"
"1"," 0.877731703"
"1"," -0.08824461"
"1"," 0.2471931"
"1","   0.9"
"1","   1000"
"1"," 1000"
"1"," Use default VCOV"
"1"," 0.08524902"
"1","
3"
"1","  0.065191072"
"1"," 0.009616001"
"1"," -0.06648739"
"1"," 0.2020296"
"1","   0.9"
"1","   1000"
"1"," 1000"
"1","   Use delta VCOV"
"1"," 0.12861212"
"1","
"
"1","
"
"1","[[8]]$nb
"
"1"," "
"1"," taskid"
"1"," repid"
"1","                      method"
"1"," param"
"1","        est"
"1","         se"
"1"," pvalue"
"1","    pvaluez"
"1","       ciloz"
"1","     cihiz"
"1","
1"
"1","    940"
"1","     8"
"1"," Nonparametric Bootstrapping"
"1"," abraw"
"1"," 0.08781694"
"1"," 0.04769887"
"1","   0.06"
"1"," 0.06561134"
"1"," 0.003689427"
"1"," 0.1606047"
"1","
2"
"1","    940"
"1","     8"
"1"," Nonparametric Bootstrapping"
"1"," abstd"
"1"," 0.08261080"
"1"," 0.04142915"
"1","   0.06"
"1"," 0.04614921"
"1"," 0.009069829"
"1"," 0.1453596"
"1","
3"
"1","    940"
"1","     8"
"1"," Nonparametric Bootstrapping"
"1"," abraw"
"1"," 0.08781694"
"1"," 0.04769887"
"1","   0.06"
"1"," 0.06561134"
"1"," 0.003689427"
"1"," 0.1606047"
"1","
4"
"1","    940"
"1","     8"
"1"," Nonparametric Bootstrapping"
"1"," abstd"
"1"," 0.08261080"
"1"," 0.04142915"
"1","   0.06"
"1"," 0.04614921"
"1"," 0.009069829"
"1"," 0.1453596"
"1","
"
"1"," "
"1","         cilo"
"1","      cihi"
"1","         skew"
"1","  kurtosis"
"1","         min"
"1","       max"
"1"," level"
"1"," nvalid"
"1"," brep"
"1","    ci_note"
"1","     time"
"1","
1"
"1","  0.015654686"
"1"," 0.1710773"
"1"," -0.008494378"
"1"," 0.2728223"
"1"," -0.05835761"
"1"," 0.2249850"
"1","   0.9"
"1","    200"
"1","  200"
"1","       perc"
"1"," 2.804917"
"1","
2"
"1","  0.014596360"
"1"," 0.1484556"
"1"," -0.267722433"
"1"," 0.2800228"
"1"," -0.04721104"
"1"," 0.1938896"
"1","   0.9"
"1","    200"
"1","  200"
"1","       perc"
"1"," 2.804678"
"1","
3"
"1","  0.002343502"
"1"," 0.1675577"
"1"," -0.008494378"
"1"," 0.2728223"
"1"," -0.05835761"
"1"," 0.2249850"
"1","   0.9"
"1","    200"
"1","  200"
"1"," bca.simple"
"1"," 2.804747"
"1","
4"
"1"," -0.002744900"
"1"," 0.1442039"
"1"," -0.267722433"
"1"," 0.2800228"
"1"," -0.04721104"
"1"," 0.1938896"
"1","   0.9"
"1","    200"
"1","  200"
"1"," bca.simple"
"1"," 2.804656"
"1","
"
"1","
"
"1","
"
"1","[[9]]
"
"1","[[9]]$mc_ml
"
"1"," "
"1"," taskid"
"1"," repid"
"1","      method"
"1"," param"
"1","       est"
"1","         se"
"1"," pvalue"
"1","     pvaluez"
"1","      ciloz"
"1","     cihiz"
"1","       cilo"
"1","      cihi"
"1","
1"
"1","    940"
"1","     9"
"1"," Monte Carlo"
"1"," abraw"
"1"," 0.1024108"
"1"," 0.03629287"
"1","  0.004"
"1"," 0.004775657"
"1"," 0.04271437"
"1"," 0.1621073"
"1"," 0.04115125"
"1"," 0.1649919"
"1","
2"
"1","    940"
"1","     9"
"1"," Monte Carlo"
"1"," abstd"
"1"," 0.1174748"
"1"," 0.03874188"
"1","  0.004"
"1"," 0.002427442"
"1"," 0.05375005"
"1"," 0.1811995"
"1"," 0.04922627"
"1"," 0.1822046"
"1","
3"
"1","    940"
"1","     9"
"1"," Monte Carlo"
"1"," abstd"
"1"," 0.1174748"
"1"," 0.03874188"
"1","  0.004"
"1"," 0.002427441"
"1"," 0.05375005"
"1"," 0.1811995"
"1"," 0.05470206"
"1"," 0.1815589"
"1","
"
"1"," "
"1","       skew"
"1","     kurtosis"
"1","           min"
"1","       max"
"1"," level"
"1"," nvalid"
"1"," brep"
"1","          ci_note"
"1","       time"
"1","
1"
"1"," 0.18879034"
"1"," -0.026901646"
"1"," -0.0007711158"
"1"," 0.2342218"
"1","   0.9"
"1","   1000"
"1"," 1000"
"1"," Use default VCOV"
"1"," 0.04116204"
"1","
2"
"1"," 0.12532850"
"1"," -0.005939782"
"1"," -0.0009205529"
"1"," 0.2492182"
"1","   0.9"
"1","   1000"
"1"," 1000"
"1"," Use default VCOV"
"1"," 0.03575590"
"1","
3"
"1"," 0.09251193"
"1","  0.226310635"
"1"," -0.0174211012"
"1"," 0.2659957"
"1","   0.9"
"1","   1000"
"1"," 1000"
"1","   Use delta VCOV"
"1"," 0.07184294"
"1","
"
"1","
"
"1","[[9]]$mc_mlr
"
"1"," "
"1"," taskid"
"1"," repid"
"1","      method"
"1"," param"
"1","       est"
"1","         se"
"1"," pvalue"
"1","     pvaluez"
"1","      ciloz"
"1","     cihiz"
"1","       cilo"
"1","      cihi"
"1","
1"
"1","    940"
"1","     9"
"1"," Monte Carlo"
"1"," abraw"
"1"," 0.1024108"
"1"," 0.03852046"
"1","  0.004"
"1"," 0.007846405"
"1"," 0.03905031"
"1"," 0.1657713"
"1"," 0.04095365"
"1"," 0.1703188"
"1","
2"
"1","    940"
"1","     9"
"1"," Monte Carlo"
"1"," abstd"
"1"," 0.1174748"
"1"," 0.04063068"
"1","  0.004"
"1"," 0.003836728"
"1"," 0.05064326"
"1"," 0.1843063"
"1"," 0.05070057"
"1"," 0.1836027"
"1","
3"
"1","    940"
"1","     9"
"1"," Monte Carlo"
"1"," abstd"
"1"," 0.1174748"
"1"," 0.04063068"
"1","  0.000"
"1"," 0.003836728"
"1"," 0.05064326"
"1"," 0.1843063"
"1"," 0.05351602"
"1"," 0.1858435"
"1","
"
"1"," "
"1","       skew"
"1","   kurtosis"
"1","          min"
"1","       max"
"1"," level"
"1"," nvalid"
"1"," brep"
"1","          ci_note"
"1","      time"
"1","
1"
"1"," 0.23815646"
"1"," 0.09668814"
"1"," -0.008624838"
"1"," 0.2387895"
"1","   0.9"
"1","   1000"
"1"," 1000"
"1"," Use default VCOV"
"1"," 0.1455890"
"1","
2"
"1"," 0.07120593"
"1"," 0.15513375"
"1"," -0.011193959"
"1"," 0.2664353"
"1","   0.9"
"1","   1000"
"1"," 1000"
"1"," Use default VCOV"
"1"," 0.1455590"
"1","
3"
"1"," 0.30452255"
"1"," 0.25159053"
"1","  0.008854981"
"1"," 0.2940153"
"1","   0.9"
"1","   1000"
"1"," 1000"
"1","   Use delta VCOV"
"1"," 0.1888889"
"1","
"
"1","
"
"1","[[9]]$nb
"
"1"," "
"1"," taskid"
"1"," repid"
"1","                      method"
"1"," param"
"1","       est"
"1","         se"
"1"," pvalue"
"1","     pvaluez"
"1","      ciloz"
"1","     cihiz"
"1","
1"
"1","    940"
"1","     9"
"1"," Nonparametric Bootstrapping"
"1"," abraw"
"1"," 0.1024108"
"1"," 0.03928438"
"1","      0"
"1"," 0.009136347"
"1"," 0.03581028"
"1"," 0.1650444"
"1","
2"
"1","    940"
"1","     9"
"1"," Nonparametric Bootstrapping"
"1"," abstd"
"1"," 0.1174748"
"1"," 0.04044771"
"1","      0"
"1"," 0.003680024"
"1"," 0.05089015"
"1"," 0.1839513"
"1","
3"
"1","    940"
"1","     9"
"1"," Nonparametric Bootstrapping"
"1"," abraw"
"1"," 0.1024108"
"1"," 0.03928438"
"1","      0"
"1"," 0.009136347"
"1"," 0.03581028"
"1"," 0.1650444"
"1","
4"
"1","    940"
"1","     9"
"1"," Nonparametric Bootstrapping"
"1"," abstd"
"1"," 0.1174748"
"1"," 0.04044771"
"1","      0"
"1"," 0.003680024"
"1"," 0.05089015"
"1"," 0.1839513"
"1","
"
"1"," "
"1","       cilo"
"1","      cihi"
"1","        skew"
"1","   kurtosis"
"1","         min"
"1","       max"
"1"," level"
"1"," nvalid"
"1"," brep"
"1","    ci_note"
"1","     time"
"1","
1"
"1"," 0.04114155"
"1"," 0.1734344"
"1","  0.32244414"
"1","  0.1593657"
"1"," 0.008442070"
"1"," 0.2399372"
"1","   0.9"
"1","    200"
"1","  200"
"1","       perc"
"1"," 2.839515"
"1","
2"
"1"," 0.05172626"
"1"," 0.1850028"
"1"," -0.02436498"
"1"," -0.4808975"
"1"," 0.009787349"
"1"," 0.2144175"
"1","   0.9"
"1","    200"
"1","  200"
"1","       perc"
"1"," 2.834532"
"1","
3"
"1"," 0.04114155"
"1"," 0.1734344"
"1","  0.32244414"
"1","  0.1593657"
"1"," 0.008442070"
"1"," 0.2399372"
"1","   0.9"
"1","    200"
"1","  200"
"1"," bca.simple"
"1"," 2.834921"
"1","
4"
"1"," 0.05416126"
"1"," 0.1879551"
"1"," -0.02436498"
"1"," -0.4808975"
"1"," 0.009787349"
"1"," 0.2144175"
"1","   0.9"
"1","    200"
"1","  200"
"1"," bca.simple"
"1"," 2.834699"
"1","
"
"1","
"
"1","
"
"1","[[10]]
"
"1","[[10]]$mc_ml
"
"1"," "
"1"," taskid"
"1"," repid"
"1","      method"
"1"," param"
"1","        est"
"1","         se"
"1"," pvalue"
"1","   pvaluez"
"1","       ciloz"
"1","      cihiz"
"1","        cilo"
"1","       cihi"
"1","
1"
"1","    940"
"1","    10"
"1"," Monte Carlo"
"1"," abraw"
"1"," 0.02261053"
"1"," 0.02786525"
"1","  0.412"
"1"," 0.4171222"
"1"," -0.02322372"
"1"," 0.06844479"
"1"," -0.02390161"
"1"," 0.07141374"
"1","
2"
"1","    940"
"1","    10"
"1"," Monte Carlo"
"1"," abstd"
"1"," 0.02702293"
"1"," 0.03307653"
"1","  0.412"
"1"," 0.4139388"
"1"," -0.02738312"
"1"," 0.08142898"
"1"," -0.03096552"
"1"," 0.08455089"
"1","
3"
"1","    940"
"1","    10"
"1"," Monte Carlo"
"1"," abstd"
"1"," 0.02702293"
"1"," 0.03307653"
"1","  0.398"
"1"," 0.4139388"
"1"," -0.02738312"
"1"," 0.08142898"
"1"," -0.02364912"
"1"," 0.08381575"
"1","
"
"1"," "
"1","        skew"
"1","    kurtosis"
"1","         min"
"1","       max"
"1"," level"
"1"," nvalid"
"1"," brep"
"1","          ci_note"
"1","       time"
"1","
1"
"1"," -0.01932786"
"1"," -0.02696932"
"1"," -0.07373927"
"1"," 0.1115543"
"1","   0.9"
"1","   1000"
"1"," 1000"
"1"," Use default VCOV"
"1"," 0.05558615"
"1","
2"
"1"," -0.05098007"
"1","  0.06789352"
"1"," -0.08450122"
"1"," 0.1302414"
"1","   0.9"
"1","   1000"
"1"," 1000"
"1"," Use default VCOV"
"1"," 0.05530887"
"1","
3"
"1","  0.15922509"
"1"," -0.04188382"
"1"," -0.08101852"
"1"," 0.1272817"
"1","   0.9"
"1","   1000"
"1"," 1000"
"1","   Use delta VCOV"
"1"," 0.09264021"
"1","
"
"1","
"
"1","[[10]]$mc_mlr
"
"1"," "
"1"," taskid"
"1"," repid"
"1","      method"
"1"," param"
"1","        est"
"1","         se"
"1"," pvalue"
"1","   pvaluez"
"1","       ciloz"
"1","      cihiz"
"1","        cilo"
"1","       cihi"
"1","
1"
"1","    940"
"1","    10"
"1"," Monte Carlo"
"1"," abraw"
"1"," 0.02261053"
"1"," 0.02693890"
"1","  0.416"
"1"," 0.4012860"
"1"," -0.02170001"
"1"," 0.06692107"
"1"," -0.02190179"
"1"," 0.06786185"
"1","
2"
"1","    940"
"1","    10"
"1"," Monte Carlo"
"1"," abstd"
"1"," 0.02702293"
"1"," 0.03191485"
"1","  0.416"
"1"," 0.3971515"
"1"," -0.02547233"
"1"," 0.07951818"
"1"," -0.02745120"
"1"," 0.08179732"
"1","
3"
"1","    940"
"1","    10"
"1"," Monte Carlo"
"1"," abstd"
"1"," 0.02702293"
"1"," 0.03191485"
"1","  0.402"
"1"," 0.3971515"
"1"," -0.02547233"
"1"," 0.07951818"
"1"," -0.02445092"
"1"," 0.08053614"
"1","
"
"1"," "
"1","       skew"
"1","    kurtosis"
"1","         min"
"1","       max"
"1"," level"
"1"," nvalid"
"1"," brep"
"1","          ci_note"
"1","       time"
"1","
1"
"1"," 0.24983664"
"1"," 0.409041490"
"1"," -0.07397275"
"1"," 0.1361189"
"1","   0.9"
"1","   1000"
"1"," 1000"
"1"," Use default VCOV"
"1"," 0.06550079"
"1","
2"
"1"," 0.21656509"
"1"," 0.367413126"
"1"," -0.07882364"
"1"," 0.1571357"
"1","   0.9"
"1","   1000"
"1"," 1000"
"1"," Use default VCOV"
"1"," 0.06548196"
"1","
3"
"1"," 0.09736089"
"1"," 0.005215667"
"1"," -0.07126787"
"1"," 0.1403339"
"1","   0.9"
"1","   1000"
"1"," 1000"
"1","   Use delta VCOV"
"1"," 0.11007911"
"1","
"
"1","
"
"1","[[10]]$nb
"
"1"," "
"1"," taskid"
"1"," repid"
"1","                      method"
"1"," param"
"1","        est"
"1","         se"
"1"," pvalue"
"1","   pvaluez"
"1","       ciloz"
"1","      cihiz"
"1","
1"
"1","    940"
"1","    10"
"1"," Nonparametric Bootstrapping"
"1"," abraw"
"1"," 0.02261053"
"1"," 0.02801906"
"1","    0.4"
"1"," 0.4196840"
"1"," -0.02298736"
"1"," 0.06918715"
"1","
2"
"1","    940"
"1","    10"
"1"," Nonparametric Bootstrapping"
"1"," abstd"
"1"," 0.02702293"
"1"," 0.03200988"
"1","    0.4"
"1"," 0.3985545"
"1"," -0.02474640"
"1"," 0.08055675"
"1","
3"
"1","    940"
"1","    10"
"1"," Nonparametric Bootstrapping"
"1"," abraw"
"1"," 0.02261053"
"1"," 0.02801906"
"1","    0.4"
"1"," 0.4196840"
"1"," -0.02298736"
"1"," 0.06918715"
"1","
4"
"1","    940"
"1","    10"
"1"," Nonparametric Bootstrapping"
"1"," abstd"
"1"," 0.02702293"
"1"," 0.03200988"
"1","    0.4"
"1"," 0.3985545"
"1"," -0.02474640"
"1"," 0.08055675"
"1","
"
"1"," "
"1","        cilo"
"1","       cihi"
"1","       skew"
"1","    kurtosis"
"1","         min"
"1","       max"
"1"," level"
"1"," nvalid"
"1"," brep"
"1","    ci_note"
"1","     time"
"1","
1"
"1"," -0.02219306"
"1"," 0.07417917"
"1"," 0.32044240"
"1","  0.62472706"
"1"," -0.05041893"
"1"," 0.1178527"
"1","   0.9"
"1","    200"
"1","  200"
"1","       perc"
"1"," 2.824700"
"1","
2"
"1"," -0.02867291"
"1"," 0.08078057"
"1"," 0.08220082"
"1"," -0.03375951"
"1"," -0.06177013"
"1"," 0.1124612"
"1","   0.9"
"1","    200"
"1","  200"
"1","       perc"
"1"," 2.824507"
"1","
3"
"1"," -0.01969295"
"1"," 0.07588936"
"1"," 0.32044240"
"1","  0.62472706"
"1"," -0.05041893"
"1"," 0.1178527"
"1","   0.9"
"1","    200"
"1","  200"
"1"," bca.simple"
"1"," 2.829472"
"1","
4"
"1"," -0.02628175"
"1"," 0.08948939"
"1"," 0.08220082"
"1"," -0.03375951"
"1"," -0.06177013"
"1"," 0.1124612"
"1","   0.9"
"1","    200"
"1","  200"
"1"," bca.simple"
"1"," 2.825063"
"1","
"
"1","
"
"1","
"
"1","attr(,""sim_time"")"
"1","
"
"1"," 用户 "
"1"," 系统 "
"1"," 流逝 "
"1","
"
"1","30.66 "
"1"," 0.77 "
"1","31.73 "
"1","
"
"1","attr(,""call"")"
"1","
"
"1","sim_main(taskid = 940, FUN = med_lv_sim_i, ci_rate = 0.9, seed = 1234, 
"
"1","    mc_ml = list(FUN = ""med_lv_mc"", args = list(brep = 1000, 
"
"1","        sem_args = list())), mc_mlr = list(FUN = ""med_lv_mc"", 
"
"1","        args = list(brep = 1000, sem_args = list(estimator = ""MLR""))), 
"
"1","    nb = list(FUN = ""med_lv_nb"", args = list(brep = 200, sem_args = list())), 
"
"1","    corereserve = -1, saveout = TRUE, data_dir = dir0, out_dir = dir0, 
"
"1","    returnout = FALSE, progress = TRUE, save_type_data = ""rds"", 
"
"1","    save_type_out = ""rds"")
"
"1","attr(,""gendata_call"")"
"1","
"
"1","simmcbootgendata::gendata_main(taskid = 940, nrep = 10, FUN = gendata_med_lv_i, 
"
"1","    n = 500, a = 0.14, b = 0.59, cp = 0.14, omega_x = 0.7, omega_m = 0.7, 
"
"1","    omega_y = 0.7, p_x = 5, p_m = 5, p_y = 5, fun_e_x = stats::rnorm, 
"
"1","    fun_e_x_args = list(), fun_e_m = stats::rnorm, fun_e_m_args = list(), 
"
"1","    fun_e_y = stats::rnorm, fun_e_y_args = list(), seed_cond = 5080394, 
"
"1","    corereserve = 0, loadbalance = TRUE, cl = parallel::makeCluster(2), 
"
"1","    keepcl = FALSE, rerun = FALSE, saveout = TRUE, save_dir = dir0, 
"
"1","    returnout = FALSE, progress = TRUE, chunk.size = 1)
"
"1","attr(,""sim_notes"")"
"1","
"
"1","[1]"
"1"," """""
"1","
"
"1","attr(,""class"")"
"1","
"
"1","[1]"
"1"," ""simmcbootanalysis"""
"1"," ""list""             "
"1","
"
